Resulution,Numpy Time,Dask Time
500,0.08930730819702148,1.7708280086517334
1000,0.3407318592071533,2.1283929347991943
2000,1.317124843597412,2.851623058319092
3000,3.242050886154175,4.7742509841918945
4000,6.054629802703857,8.559324979782104
5000,10.244139909744263,12.123689889907837
6000,14.104100227355957,16.896365880966187
7000,18.5669686794281,23.994361877441406
8000,24.679252862930298,35.760231018066406
9000,31.30887508392334,44.80541396141052
10000,38.59093403816223,41.13184189796448
