Chunk Size,Time
100,19.270160913467407
250,6.906970024108887
500,6.220005989074707
1000,7.362851858139038
2500,16.32815408706665
