Chunk Size,Time
100,9.135581970214844
250,3.363708257675171
500,2.952880859375
1000,3.292475700378418
2500,7.670090913772583
